t,target_deg,present_deg
7.152557373046875e-07,0.0,0.13186813186813187
0.02086043357849121,0.0,0.13186813186813187
0.041727542877197266,0.0,0.13186813186813187
0.06252145767211914,0.0,0.13186813186813187
0.0834507942199707,0.0,0.13186813186813187
0.10427713394165039,0.0,0.13186813186813187
0.12536144256591797,0.0,0.13186813186813187
0.14626240730285645,0.0,0.13186813186813187
0.16712164878845215,0.0,0.13186813186813187
0.18801188468933105,0.0,0.13186813186813187
0.20881414413452148,0.0,0.13186813186813187
0.22966408729553223,0.0,0.13186813186813187
0.25063514709472656,0.0,0.13186813186813187
0.2714505195617676,0.0,0.13186813186813187
0.29233574867248535,0.0,0.13186813186813187
0.31327223777770996,0.0,0.13186813186813187
0.3341634273529053,0.0,0.13186813186813187
0.3550596237182617,0.0,0.13186813186813187
0.3760192394256592,0.0,0.13186813186813187
0.3969242572784424,0.0,0.13186813186813187
0.41779422760009766,0.0,0.13186813186813187
0.43866419792175293,0.0,0.13186813186813187
0.45950889587402344,0.0,0.13186813186813187
0.4803884029388428,0.0,0.13186813186813187
0.5011653900146484,0.0,0.13186813186813187
0.5222899913787842,0.0,0.13186813186813187
0.5431747436523438,0.0,0.13186813186813187
0.5640311241149902,0.0,0.13186813186813187
0.5848407745361328,0.0,0.13186813186813187
0.605705738067627,0.0,0.13186813186813187
0.6265838146209717,0.0,0.13186813186813187
0.647698163986206,0.0,0.13186813186813187
0.6685919761657715,0.0,0.13186813186813187
0.6895277500152588,0.0,0.13186813186813187
0.7103700637817383,0.0,0.13186813186813187
0.7312195301055908,0.0,0.13186813186813187
0.752091646194458,0.0,0.13186813186813187
0.772982120513916,0.0,0.13186813186813187
0.7938392162322998,0.0,0.13186813186813187
0.8147060871124268,0.0,0.13186813186813187
0.8354597091674805,0.0,0.13186813186813187
0.8563024997711182,0.0,0.13186813186813187
0.87715744972229,0.0,0.13186813186813187
0.8979933261871338,0.0,0.13186813186813187
0.9187905788421631,0.0,0.13186813186813187
0.9396424293518066,0.0,0.13186813186813187
0.9604520797729492,0.0,0.13186813186813187
0.9815278053283691,0.0,0.13186813186813187
1.0023903846740723,0.0,0.13186813186813187
1.0232388973236084,0.0,0.13186813186813187
1.0440621376037598,0.0,0.13186813186813187
1.0648143291473389,0.0,0.13186813186813187
1.0856270790100098,0.0,0.13186813186813187
1.1065216064453125,0.0,0.13186813186813187
1.127312183380127,0.0,0.13186813186813187
1.1483867168426514,0.0,0.13186813186813187
1.169259786605835,0.0,0.13186813186813187
1.1900901794433594,0.0,0.13186813186813187
1.2109084129333496,0.0,0.13186813186813187
1.2317276000976562,0.0,0.13186813186813187
1.2525992393493652,0.0,0.13186813186813187
1.273759126663208,0.0,0.13186813186813187
1.2945866584777832,0.0,0.13186813186813187
1.3156683444976807,0.0,0.13186813186813187
1.336519718170166,0.0,0.13186813186813187
1.3573455810546875,0.0,0.13186813186813187
1.3783836364746094,0.0,0.13186813186813187
1.3992857933044434,0.0,0.13186813186813187
1.4201488494873047,0.0,0.13186813186813187
1.4409987926483154,0.0,0.13186813186813187
1.4617795944213867,0.0,0.13186813186813187
1.4828028678894043,0.0,0.13186813186813187
1.5036368370056152,0.0,0.13186813186813187
1.5245463848114014,0.0,0.13186813186813187
1.5454905033111572,0.0,0.13186813186813187
1.5663089752197266,0.0,0.13186813186813187
1.58711838722229,0.0,0.13186813186813187
1.6081368923187256,0.0,0.13186813186813187
1.6290569305419922,0.0,0.13186813186813187
1.6500117778778076,0.0,0.13186813186813187
1.670802354812622,0.0,0.13186813186813187
1.6916654109954834,0.0,0.13186813186813187
1.7125108242034912,0.0,0.13186813186813187
1.7334084510803223,0.0,0.13186813186813187
1.754239559173584,0.0,0.13186813186813187
1.7752387523651123,0.0,0.13186813186813187
1.7960762977600098,0.0,0.13186813186813187
1.817051887512207,0.0,0.13186813186813187
1.8378572463989258,0.0,0.13186813186813187
1.8586740493774414,0.0,0.13186813186813187
1.8795270919799805,0.0,0.13186813186813187
1.9003417491912842,0.0,0.13186813186813187
1.9211926460266113,0.0,0.13186813186813187
1.942039966583252,0.0,0.13186813186813187
1.962883710861206,0.0,0.13186813186813187
1.9838738441467285,0.0,0.13186813186813187
2.004751205444336,-15.0,0.13186813186813187
2.0255544185638428,-15.0,0.13186813186813187
2.046541452407837,-15.0,0.13186813186813187
2.0674140453338623,-15.0,-0.3076923076923077
2.0885300636291504,-15.0,-1.4505494505494505
2.109391212463379,-15.0,-3.2967032967032965
2.130265712738037,-15.0,-5.670329670329671
2.1510822772979736,-15.0,-7.956043956043956
2.171931505203247,-15.0,-9.802197802197803
2.1927969455718994,-15.0,-11.032967032967033
2.213762044906616,-15.0,-11.824175824175825
2.2346529960632324,-15.0,-12.43956043956044
2.255686044692993,-15.0,-12.967032967032967
2.276503324508667,-15.0,-13.31868131868132
2.297415018081665,-15.0,-13.494505494505495
2.3182504177093506,-15.0,-13.582417582417582
2.3390986919403076,-15.0,-13.758241758241759
2.3598766326904297,-15.0,-13.758241758241759
2.3806772232055664,-15.0,-13.846153846153847
2.4015491008758545,-15.0,-13.846153846153847
2.4225800037384033,-15.0,-13.934065934065934
2.443455219268799,-15.0,-14.10989010989011
2.464340925216675,-15.0,-14.10989010989011
2.4852843284606934,-15.0,-14.10989010989011
2.506129503250122,-15.0,-14.10989010989011
2.5269975662231445,-15.0,-14.10989010989011
2.5480244159698486,-15.0,-14.10989010989011
2.568866014480591,-15.0,-14.10989010989011
2.589670419692993,-15.0,-14.10989010989011
2.610525608062744,-15.0,-14.10989010989011
2.6313774585723877,-15.0,-14.10989010989011
2.6522438526153564,-15.0,-14.10989010989011
2.6730973720550537,-15.0,-14.10989010989011
2.693881034851074,-15.0,-14.10989010989011
2.714857339859009,-15.0,-14.10989010989011
2.7356557846069336,-15.0,-14.10989010989011
2.756559371948242,-15.0,-14.10989010989011
2.777449131011963,-15.0,-14.10989010989011
2.7983198165893555,-15.0,-14.10989010989011
2.819185733795166,-15.0,-14.10989010989011
2.84004545211792,-15.0,-14.10989010989011
2.8608450889587402,-15.0,-14.10989010989011
2.8816590309143066,-15.0,-14.10989010989011
2.9025754928588867,-15.0,-14.10989010989011
2.9233927726745605,-15.0,-14.10989010989011
2.9442102909088135,-15.0,-14.10989010989011
2.9650588035583496,-15.0,-14.10989010989011
2.9858431816101074,-15.0,-14.10989010989011
3.0066380500793457,-15.0,-14.10989010989011
3.027480363845825,-15.0,-14.10989010989011
3.0485548973083496,-15.0,-14.10989010989011
3.0694196224212646,-15.0,-14.10989010989011
3.090263605117798,-15.0,-14.10989010989011
3.111076593399048,-15.0,-14.10989010989011
3.131861448287964,-15.0,-14.10989010989011
3.152653217315674,-15.0,-14.10989010989011
3.173520565032959,-15.0,-14.10989010989011
3.1943821907043457,-15.0,-14.10989010989011
3.215308904647827,-15.0,-14.10989010989011
3.2361505031585693,-15.0,-14.10989010989011
3.256913661956787,-15.0,-14.10989010989011
3.277651786804199,-15.0,-14.10989010989011
3.2986583709716797,-15.0,-14.10989010989011
3.3195276260375977,-15.0,-14.10989010989011
3.340400218963623,-15.0,-14.10989010989011
3.361250638961792,-15.0,-14.10989010989011
3.382086992263794,-15.0,-14.10989010989011
3.402879476547241,-15.0,-14.10989010989011
3.4237060546875,-15.0,-14.10989010989011
3.4445695877075195,-15.0,-14.10989010989011
3.4655816555023193,-15.0,-14.10989010989011
3.486424207687378,-15.0,-14.10989010989011
3.507293224334717,-15.0,-14.10989010989011
3.528329610824585,-15.0,-14.10989010989011
3.549159049987793,-15.0,-14.10989010989011
3.570080518722534,-15.0,-14.10989010989011
3.5908355712890625,-15.0,-14.10989010989011
3.611583948135376,-15.0,-14.10989010989011
3.6324427127838135,-15.0,-14.10989010989011
3.6533195972442627,-15.0,-14.10989010989011
3.6741714477539062,-15.0,-14.10989010989011
3.694958209991455,-15.0,-14.10989010989011
3.715773105621338,-15.0,-14.10989010989011
3.7367703914642334,-15.0,-14.10989010989011
3.7575888633728027,-15.0,-14.10989010989011
3.778474807739258,-15.0,-14.10989010989011
3.7991929054260254,-15.0,-14.10989010989011
3.8199219703674316,-15.0,-14.10989010989011
3.8407373428344727,-15.0,-14.10989010989011
3.8615963459014893,-15.0,-14.10989010989011
3.882444381713867,-15.0,-14.10989010989011
3.9034299850463867,-15.0,-14.10989010989011
3.9242892265319824,-15.0,-14.10989010989011
3.9451117515563965,-15.0,-14.10989010989011
3.9660215377807617,-15.0,-14.10989010989011
3.986830949783325,-15.0,-14.10989010989011
4.00768518447876,-15.0,-14.10989010989011
4.028672695159912,-15.0,-14.10989010989011
4.049557447433472,-15.0,-14.10989010989011
4.070583820343018,-15.0,-14.10989010989011
4.091576099395752,-15.0,-14.10989010989011
4.11242413520813,-15.0,-14.10989010989011
4.133296966552734,-15.0,-14.10989010989011
4.154130935668945,-15.0,-14.10989010989011
4.17499041557312,-15.0,-14.10989010989011
4.1958184242248535,-15.0,-14.10989010989011
4.216662883758545,-15.0,-14.10989010989011
4.237676382064819,-15.0,-14.10989010989011
4.258689641952515,-15.0,-14.10989010989011
4.2796103954315186,-15.0,-14.10989010989011
4.30059552192688,-15.0,-14.10989010989011
4.321507215499878,-15.0,-14.10989010989011
4.342360258102417,-15.0,-14.10989010989011
4.363406419754028,-15.0,-14.10989010989011
4.384285926818848,-15.0,-14.10989010989011
4.405178785324097,-15.0,-14.10989010989011
4.425958633422852,-15.0,-14.10989010989011
4.446784257888794,-15.0,-14.10989010989011
4.4677512645721436,-15.0,-14.10989010989011
4.488591432571411,-15.0,-14.10989010989011
4.50934624671936,-15.0,-14.10989010989011
4.53046727180481,-15.0,-14.10989010989011
4.5513598918914795,-15.0,-14.10989010989011
4.572367906570435,-15.0,-14.10989010989011
4.5932297706604,-15.0,-14.10989010989011
4.614106178283691,-15.0,-14.10989010989011
4.6350507736206055,-15.0,-14.10989010989011
4.655850887298584,-15.0,-14.10989010989011
4.676729440689087,-15.0,-14.10989010989011
4.697535037994385,-15.0,-14.10989010989011
4.718358278274536,-15.0,-14.10989010989011
4.739114284515381,-15.0,-14.10989010989011
4.760011672973633,-15.0,-14.10989010989011
4.780808448791504,-15.0,-14.10989010989011
4.8015594482421875,-15.0,-14.10989010989011
4.822332382202148,-15.0,-14.10989010989011
4.843109369277954,-15.0,-14.10989010989011
4.864016056060791,-15.0,-14.10989010989011
4.88484263420105,-15.0,-14.10989010989011
4.90574312210083,-15.0,-14.10989010989011
4.926655530929565,-15.0,-14.10989010989011
4.947498083114624,-15.0,-14.10989010989011
4.968339681625366,-15.0,-14.10989010989011
4.989196300506592,-15.0,-14.10989010989011
5.104114532470703,0.0,-14.10989010989011
5.125058889389038,0.0,-14.10989010989011
5.145864725112915,0.0,-14.10989010989011
5.166867971420288,0.0,-13.758241758241759
5.1877241134643555,0.0,-12.615384615384615
5.208612442016602,0.0,-10.76923076923077
5.2295920848846436,0.0,-8.483516483516484
5.250422239303589,0.0,-6.197802197802198
5.271456241607666,0.0,-4.175824175824176
5.292459487915039,0.0,-2.9450549450549453
5.313335418701172,0.0,-2.241758241758242
5.334197998046875,0.0,-1.7142857142857142
5.355086088180542,0.0,-1.2747252747252746
5.375900506973267,0.0,-1.010989010989011
5.396852731704712,0.0,-0.7472527472527473
5.417650938034058,0.0,-0.5714285714285714
5.4386985301971436,0.0,-0.3956043956043956
5.4595396518707275,0.0,-0.3076923076923077
5.4804277420043945,0.0,-0.21978021978021978
5.501296520233154,0.0,-0.21978021978021978
5.522110223770142,0.0,-0.21978021978021978
5.542893171310425,0.0,-0.21978021978021978
5.563929080963135,0.0,-0.21978021978021978
5.584744453430176,0.0,-0.21978021978021978
5.605807542800903,0.0,-0.21978021978021978
5.626701354980469,0.0,-0.21978021978021978
5.647507905960083,0.0,-0.21978021978021978
5.668336868286133,0.0,-0.21978021978021978
5.6890869140625,0.0,-0.21978021978021978
5.7098352909088135,0.0,-0.21978021978021978
5.730794906616211,0.0,-0.21978021978021978
5.751625061035156,0.0,-0.21978021978021978
5.77254581451416,0.0,-0.21978021978021978
5.793395757675171,0.0,-0.21978021978021978
5.814258098602295,0.0,-0.21978021978021978
5.835144519805908,0.0,-0.21978021978021978
5.855856657028198,0.0,-0.21978021978021978
5.876688003540039,0.0,-0.21978021978021978
5.897470474243164,0.0,-0.21978021978021978
5.918291330337524,0.0,-0.21978021978021978
5.939099550247192,0.0,-0.21978021978021978
5.959903001785278,0.0,-0.21978021978021978
5.980729579925537,0.0,-0.21978021978021978
6.001566410064697,0.0,-0.21978021978021978
6.022433519363403,0.0,-0.21978021978021978
6.043286561965942,0.0,-0.21978021978021978
6.064211368560791,0.0,-0.21978021978021978
6.08509635925293,0.0,-0.21978021978021978
6.105879545211792,0.0,-0.21978021978021978
6.12666392326355,0.0,-0.21978021978021978
6.147470712661743,0.0,-0.21978021978021978
6.168320655822754,0.0,-0.21978021978021978
6.189168930053711,0.0,-0.21978021978021978
6.210047006607056,0.0,-0.21978021978021978
6.231014251708984,0.0,-0.21978021978021978
6.251799821853638,0.0,-0.21978021978021978
6.27264928817749,0.0,-0.21978021978021978
6.293580055236816,0.0,-0.21978021978021978
6.314346790313721,0.0,-0.21978021978021978
6.335220813751221,0.0,-0.21978021978021978
6.3561110496521,0.0,-0.21978021978021978
6.376882314682007,0.0,-0.21978021978021978
6.39781928062439,0.0,-0.21978021978021978
6.418659925460815,0.0,-0.21978021978021978
6.439701318740845,0.0,-0.21978021978021978
6.460502624511719,0.0,-0.21978021978021978
6.481315851211548,0.0,-0.21978021978021978
6.502271890640259,0.0,-0.21978021978021978
6.523119688034058,0.0,-0.21978021978021978
6.5438759326934814,0.0,-0.21978021978021978
6.564707517623901,0.0,-0.21978021978021978
6.585526943206787,0.0,-0.21978021978021978
6.60636830329895,0.0,-0.21978021978021978
6.6271867752075195,0.0,-0.21978021978021978
6.647994756698608,0.0,-0.21978021978021978
6.668994665145874,0.0,-0.21978021978021978
6.6897642612457275,0.0,-0.21978021978021978
6.710667610168457,0.0,-0.21978021978021978
6.731706142425537,0.0,-0.21978021978021978
6.75255012512207,0.0,-0.21978021978021978
6.773354530334473,0.0,-0.21978021978021978
6.794177770614624,0.0,-0.21978021978021978
6.814957141876221,0.0,-0.21978021978021978
6.8358848094940186,0.0,-0.21978021978021978
6.856706857681274,0.0,-0.21978021978021978
6.877559661865234,0.0,-0.21978021978021978
6.8983681201934814,0.0,-0.21978021978021978
6.919245958328247,0.0,-0.21978021978021978
6.940108776092529,0.0,-0.21978021978021978
6.96082615852356,0.0,-0.21978021978021978
6.981646776199341,0.0,-0.21978021978021978
7.00260329246521,0.0,-0.21978021978021978
7.023426532745361,0.0,-0.21978021978021978
7.044295310974121,0.0,-0.21978021978021978
7.065188646316528,0.0,-0.21978021978021978
7.086047887802124,0.0,-0.21978021978021978
7.1068198680877686,0.0,-0.21978021978021978
7.1276116371154785,0.0,-0.21978021978021978
7.148376703262329,0.0,-0.21978021978021978
7.169229745864868,0.0,-0.21978021978021978
7.190000295639038,0.0,-0.21978021978021978
7.2108142375946045,0.0,-0.21978021978021978
7.231831073760986,0.0,-0.21978021978021978
7.252647876739502,0.0,-0.21978021978021978
7.273429870605469,0.0,-0.21978021978021978
7.294301509857178,0.0,-0.21978021978021978
7.315108299255371,0.0,-0.21978021978021978
7.336101055145264,0.0,-0.21978021978021978
7.356925964355469,0.0,-0.21978021978021978
7.377732992172241,0.0,-0.21978021978021978
7.39854621887207,0.0,-0.21978021978021978
7.419353485107422,0.0,-0.21978021978021978
7.44017767906189,0.0,-0.21978021978021978
7.461028575897217,0.0,-0.21978021978021978
7.481831789016724,0.0,-0.21978021978021978
7.502731561660767,0.0,-0.21978021978021978
7.52356743812561,0.0,-0.21978021978021978
7.544440031051636,0.0,-0.21978021978021978
7.5654380321502686,0.0,-0.21978021978021978
7.5862932205200195,0.0,-0.21978021978021978
7.607197523117065,0.0,-0.21978021978021978
7.6280341148376465,0.0,-0.21978021978021978
7.648773431777954,0.0,-0.21978021978021978
7.669575452804565,0.0,-0.21978021978021978
7.690380096435547,0.0,-0.21978021978021978
7.711266040802002,0.0,-0.21978021978021978
7.7321319580078125,0.0,-0.21978021978021978
7.752917528152466,0.0,-0.21978021978021978
7.773728370666504,0.0,-0.21978021978021978
7.794673442840576,0.0,-0.21978021978021978
7.815491437911987,0.0,-0.21978021978021978
7.836319923400879,0.0,-0.21978021978021978
7.85719633102417,0.0,-0.21978021978021978
7.878070116043091,0.0,-0.21978021978021978
7.899041652679443,0.0,-0.21978021978021978
7.9198386669158936,0.0,-0.21978021978021978
7.940712213516235,0.0,-0.21978021978021978
7.96152138710022,0.0,-0.21978021978021978
7.982357025146484,0.0,-0.21978021978021978
8.003185510635376,15.0,-0.21978021978021978
8.024050235748291,15.0,-0.21978021978021978
8.044790267944336,15.0,-0.04395604395604396
8.065728425979614,15.0,0.5714285714285714
8.086556673049927,15.0,1.978021978021978
8.107363224029541,15.0,3.912087912087912
8.12828278541565,15.0,6.373626373626373
8.149085998535156,15.0,8.747252747252746
8.170008420944214,15.0,10.593406593406593
8.190810441970825,15.0,11.912087912087912
8.211711406707764,15.0,12.703296703296703
8.2327561378479,15.0,13.23076923076923
8.25357985496521,15.0,13.67032967032967
8.274364471435547,15.0,14.021978021978022
8.295172452926636,15.0,14.197802197802197
8.316040277481079,15.0,14.373626373626374
8.33701229095459,15.0,14.54945054945055
8.357835292816162,15.0,14.725274725274724
8.378618717193604,15.0,14.725274725274724
8.399451494216919,15.0,14.725274725274724
8.420328617095947,15.0,14.901098901098901
8.441252946853638,15.0,14.901098901098901
8.46211290359497,15.0,14.901098901098901
8.482872247695923,15.0,14.901098901098901
8.503875017166138,15.0,14.901098901098901
8.524696588516235,15.0,14.901098901098901
8.545514822006226,15.0,14.901098901098901
8.566540479660034,15.0,14.901098901098901
8.587369918823242,15.0,14.901098901098901
8.608184099197388,15.0,14.901098901098901
8.629178285598755,15.0,14.901098901098901
8.650046348571777,15.0,14.901098901098901
8.670867681503296,15.0,14.901098901098901
8.691734075546265,15.0,14.901098901098901
8.712538480758667,15.0,14.901098901098901
8.733506679534912,15.0,14.901098901098901
8.754341125488281,15.0,14.901098901098901
8.775116443634033,15.0,14.901098901098901
8.7958984375,15.0,14.901098901098901
8.816723823547363,15.0,14.901098901098901
8.837602138519287,15.0,14.901098901098901
8.858607769012451,15.0,14.901098901098901
8.87947940826416,15.0,14.901098901098901
8.900480508804321,15.0,14.901098901098901
8.921361923217773,15.0,14.901098901098901
8.942254781723022,15.0,14.901098901098901
8.963224649429321,15.0,14.901098901098901
8.984096765518188,15.0,14.901098901098901
9.005098581314087,15.0,14.901098901098901
9.025941610336304,15.0,14.901098901098901
9.046816349029541,15.0,14.901098901098901
9.067830562591553,15.0,14.901098901098901
9.088655471801758,15.0,14.901098901098901
9.10951018333435,15.0,14.901098901098901
9.130391597747803,15.0,14.901098901098901
9.151251316070557,15.0,14.901098901098901
9.172155380249023,15.0,14.901098901098901
9.193042993545532,15.0,14.901098901098901
9.213789701461792,15.0,14.901098901098901
9.234734773635864,15.0,14.901098901098901
9.255581617355347,15.0,14.901098901098901
9.276450157165527,15.0,14.901098901098901
9.29729676246643,15.0,14.901098901098901
9.318199872970581,15.0,14.901098901098901
9.339273452758789,15.0,14.901098901098901
9.36015510559082,15.0,14.901098901098901
9.38095498085022,15.0,14.901098901098901
9.401979446411133,15.0,14.901098901098901
9.422762870788574,15.0,14.901098901098901
9.443578958511353,15.0,14.901098901098901
9.464466094970703,15.0,14.901098901098901
9.485329866409302,15.0,14.901098901098901
9.506194591522217,15.0,14.901098901098901
9.527071714401245,15.0,14.901098901098901
9.547845602035522,15.0,14.901098901098901
9.56887173652649,15.0,14.901098901098901
9.58974575996399,15.0,14.901098901098901
9.610620975494385,15.0,14.901098901098901
9.631480932235718,15.0,14.901098901098901
9.652361869812012,15.0,14.901098901098901
9.673283100128174,15.0,14.901098901098901
9.694115400314331,15.0,14.901098901098901
9.714863777160645,15.0,14.901098901098901
9.735842943191528,15.0,14.901098901098901
9.756646633148193,15.0,14.901098901098901
9.777502059936523,15.0,14.901098901098901
9.798367023468018,15.0,14.901098901098901
9.819287538528442,15.0,14.901098901098901
9.840123891830444,15.0,14.901098901098901
9.860907554626465,15.0,14.901098901098901
9.881760835647583,15.0,14.901098901098901
9.902549743652344,15.0,14.901098901098901
9.923409700393677,15.0,14.901098901098901
9.944279432296753,15.0,14.901098901098901
9.9651358127594,15.0,14.901098901098901
9.985929250717163,15.0,14.901098901098901
10.006736755371094,15.0,14.901098901098901
10.02757716178894,15.0,14.901098901098901
10.048407793045044,15.0,14.901098901098901
10.069350004196167,15.0,14.901098901098901
10.09015965461731,15.0,14.901098901098901
10.111005306243896,15.0,14.901098901098901
10.132006406784058,15.0,14.901098901098901
10.152766704559326,15.0,14.901098901098901
10.173557043075562,15.0,14.901098901098901
10.19440245628357,15.0,14.901098901098901
10.215293884277344,15.0,14.901098901098901
10.236197471618652,15.0,14.901098901098901
10.257017135620117,15.0,14.901098901098901
10.277867794036865,15.0,14.901098901098901
10.298720836639404,15.0,14.901098901098901
10.319555521011353,15.0,14.901098901098901
10.340397119522095,15.0,14.901098901098901
10.361301898956299,15.0,14.901098901098901
10.382110834121704,15.0,14.901098901098901
10.402895212173462,15.0,14.901098901098901
10.423990726470947,15.0,14.901098901098901
10.444876194000244,15.0,14.901098901098901
10.465652227401733,15.0,14.901098901098901
10.486467361450195,15.0,14.901098901098901
10.507367849349976,15.0,14.901098901098901
10.528222799301147,15.0,14.901098901098901
10.549052476882935,15.0,14.901098901098901
10.569833755493164,15.0,14.901098901098901
10.59072208404541,15.0,14.901098901098901
10.611541509628296,15.0,14.901098901098901
10.632258892059326,15.0,14.901098901098901
10.653066635131836,15.0,14.901098901098901
10.673980236053467,15.0,14.901098901098901
10.694875240325928,15.0,14.901098901098901
10.715728759765625,15.0,14.901098901098901
10.7365562915802,15.0,14.901098901098901
10.757269620895386,15.0,14.901098901098901
10.778065919876099,15.0,14.901098901098901
10.799014806747437,15.0,14.901098901098901
10.819836139678955,15.0,14.901098901098901
10.840866088867188,15.0,14.901098901098901
10.861668348312378,15.0,14.901098901098901
10.882728338241577,15.0,14.901098901098901
10.90358853340149,15.0,14.901098901098901
10.924483299255371,15.0,14.901098901098901
10.945334434509277,15.0,14.901098901098901
10.966154336929321,15.0,14.901098901098901
10.987102270126343,15.0,14.901098901098901
11.008031606674194,0.0,14.901098901098901
11.028802633285522,0.0,14.901098901098901
11.049628257751465,0.0,14.901098901098901
11.070729732513428,0.0,14.54945054945055
11.09154224395752,0.0,13.494505494505495
11.112335443496704,0.0,11.648351648351648
11.133185386657715,0.0,9.274725274725276
11.15424132347107,0.0,6.989010989010989
11.175270080566406,0.0,5.054945054945055
11.196226596832275,0.0,3.912087912087912
11.217047691345215,0.0,3.120879120879121
11.23786449432373,0.0,2.5934065934065935
11.25895643234253,0.0,2.1538461538461537
11.279898405075073,0.0,1.8021978021978022
11.300811529159546,0.0,1.6263736263736264
11.321598529815674,0.0,1.4505494505494505
11.342350959777832,0.0,1.3626373626373627
11.363183736801147,0.0,1.1868131868131868
11.38400387763977,0.0,1.098901098901099
11.405036449432373,0.0,1.098901098901099
11.425872325897217,0.0,1.098901098901099
11.446744918823242,0.0,1.010989010989011
11.467477083206177,0.0,1.010989010989011
11.488401412963867,0.0,1.010989010989011
11.509316205978394,0.0,1.010989010989011
11.53017807006836,0.0,1.010989010989011
11.551154613494873,0.0,1.010989010989011
11.572017669677734,0.0,1.010989010989011
11.592794179916382,0.0,1.010989010989011
11.61359977722168,0.0,1.010989010989011
11.63446855545044,0.0,1.010989010989011
11.655288934707642,0.0,1.010989010989011
11.676139116287231,0.0,1.010989010989011
11.696905136108398,0.0,1.010989010989011
11.717672348022461,0.0,1.010989010989011
11.738678216934204,0.0,1.010989010989011
11.75955581665039,0.0,1.010989010989011
11.78043246269226,0.0,1.010989010989011
11.801369190216064,0.0,1.010989010989011
11.822230100631714,0.0,1.010989010989011
11.843098402023315,0.0,1.010989010989011
11.863937616348267,0.0,1.010989010989011
11.884815216064453,0.0,1.010989010989011
11.905662775039673,0.0,1.010989010989011
11.92654299736023,0.0,1.010989010989011
11.947478771209717,0.0,1.010989010989011
11.968299865722656,0.0,1.010989010989011
11.989307641983032,0.0,1.010989010989011
12.01012396812439,0.0,1.010989010989011
12.030924797058105,0.0,1.010989010989011
12.051790237426758,0.0,1.010989010989011
12.072786569595337,0.0,1.010989010989011
12.093635082244873,0.0,1.010989010989011
12.114484071731567,0.0,1.010989010989011
12.135361909866333,0.0,1.010989010989011
12.156391620635986,0.0,1.010989010989011
12.177268981933594,0.0,1.010989010989011
12.198078870773315,0.0,1.010989010989011
12.218873739242554,0.0,1.010989010989011
12.239914417266846,0.0,1.010989010989011
12.260765075683594,0.0,1.010989010989011
12.2816641330719,0.0,1.010989010989011
12.302531480789185,0.0,1.010989010989011
12.323416709899902,0.0,1.010989010989011
12.344273090362549,0.0,1.010989010989011
12.365108251571655,0.0,1.010989010989011
12.385939598083496,0.0,1.010989010989011
12.406724691390991,0.0,1.010989010989011
12.427577495574951,0.0,1.010989010989011
12.448445796966553,0.0,1.010989010989011
12.469297170639038,0.0,1.010989010989011
12.490149736404419,0.0,1.010989010989011
12.511014699935913,0.0,1.010989010989011
12.531815528869629,0.0,1.010989010989011
12.552839279174805,0.0,1.010989010989011
12.573638677597046,0.0,1.010989010989011
12.594504117965698,0.0,1.010989010989011
12.615432977676392,0.0,1.010989010989011
12.63637924194336,0.0,1.010989010989011
12.657229661941528,0.0,1.010989010989011
12.678090572357178,0.0,1.010989010989011
12.699100971221924,0.0,1.010989010989011
12.719981670379639,0.0,1.010989010989011
12.74100923538208,0.0,1.010989010989011
12.761884450912476,0.0,1.010989010989011
12.782896995544434,0.0,1.010989010989011
12.803723335266113,0.0,1.010989010989011
12.824594736099243,0.0,1.010989010989011
12.845463752746582,0.0,1.010989010989011
12.866341829299927,0.0,1.010989010989011
12.887221574783325,0.0,1.010989010989011
12.908305644989014,0.0,1.010989010989011
12.929203987121582,0.0,1.010989010989011
12.95005750656128,0.0,1.010989010989011
12.97092604637146,0.0,1.010989010989011
12.991992473602295,0.0,1.010989010989011
13.012857913970947,0.3231405636374654,1.010989010989011
13.033925294876099,0.8523774075650177,1.010989010989011
13.054732322692871,1.3744890335611797,1.010989010989011
13.0757315158844,1.900468874707078,1.010989010989011
13.096575021743774,2.4212413853465327,1.1868131868131868
13.117462158203125,2.9414375141077116,1.5384615384615385
13.138282299041748,3.4579488899991393,1.8021978021978022
13.159165382385254,3.9736437537246405,2.241758241758242
13.180262804031372,4.491851710343629,2.5934065934065935
13.201180219650269,5.002522526478428,3.032967032967033
13.222066402435303,5.508982538407553,3.4725274725274726
13.242854833602905,6.009304589695318,3.912087912087912
13.263930082321167,6.512341979462695,4.43956043956044
13.284780979156494,7.00553081129646,4.8791208791208796
13.305626392364502,7.493782525549186,5.406593406593407
13.326431035995483,7.9759527836748365,5.934065934065934
13.347262382507324,8.453279994987215,6.373626373626373
13.368141651153564,8.925892685389336,6.813186813186813
13.389270067214966,9.397888865810346,7.34065934065934
13.410110473632812,9.856962805739908,7.78021978021978
13.431010484695435,10.31056033648921,8.307692307692308
13.452012300491333,10.75920316107879,8.747252747252746
13.47288727760315,11.19771124724389,9.274725274725276
13.493729591369629,11.627846362600177,9.714285714285714
13.514582872390747,12.050225451454562,10.153846153846153
13.535614013671875,12.467825635836627,10.593406593406593
13.556480169296265,12.873544912390948,11.032967032967033
13.577409267425537,13.271596966404042,11.472527472527473
13.598254919052124,13.658937631707385,12.0
13.618990421295166,14.034933954917243,12.351648351648352
13.640055894851685,14.407154900032722,12.791208791208792
13.660866498947144,14.764960655998824,13.142857142857142
13.681682348251343,15.112755657559955,13.494505494505495
13.702650308609009,15.452637817508561,13.934065934065934
13.723451137542725,15.779211598534523,14.197802197802197
13.744318008422852,16.09599004634723,14.637362637362637
13.765119314193726,16.400758550242355,14.989010989010989
13.786090850830078,16.6966769570453,15.252747252747254
13.806865930557251,16.978390918846426,15.604395604395604
13.827681303024292,17.249046289954816,15.956043956043956
13.848489046096802,17.50780770658962,16.307692307692307
13.869421482086182,17.756042110814853,16.571428571428573
13.890437602996826,17.99290978169211,16.835164835164836
13.911256313323975,18.215180467152894,17.0989010989011
13.932292699813843,18.42711219793327,17.45054945054945
13.95308780670166,18.62395797891147,17.714285714285715
13.97406268119812,18.809622545772275,17.89010989010989
13.99487042427063,18.980896865189955,18.153846153846153
14.01571249961853,19.13944496551086,18.417582417582416
14.03654408454895,19.284794961533375,18.593406593406595
14.057451963424683,19.417389874124357,18.76923076923077
14.078274726867676,19.53612373595901,18.945054945054945
14.099178791046143,19.641867147995615,19.12087912087912
14.120052814483643,19.733934720837002,19.208791208791208
14.140887022018433,19.812288006616118,19.384615384615383
14.161734819412231,19.87709960945782,19.47252747252747
14.18254542350769,19.928190399750715,19.560439560439562
14.203495502471924,19.96585822949956,19.64835164835165
14.224361896514893,19.989621037229952,19.64835164835165
14.245243787765503,19.999642775788203,19.64835164835165
14.266319036483765,19.995794733390703,19.64835164835165
14.287196397781372,19.978155484276915,19.64835164835165
14.30815601348877,19.946615437801157,19.64835164835165
14.329012155532837,19.901496711314394,19.64835164835165
14.349837064743042,19.842806851165037,19.64835164835165
14.37059497833252,19.770782979471747,19.64835164835165
14.391427040100098,19.684977754921874,19.64835164835165
14.412294626235962,19.585502268260964,19.64835164835165
14.433144330978394,19.472662208523765,19.64835164835165
14.454018115997314,19.346302120060265,19.64835164835165
14.474960327148438,19.206151868218868,19.64835164835165
14.495787143707275,19.053582536418723,19.64835164835165
14.516616821289062,18.887939355710028,19.64835164835165
14.537394285202026,18.709819599762234,19.64835164835165
14.558370590209961,18.517057878095308,19.64835164835165
14.579222202301025,18.31269079847041,19.560439560439562
14.600281000137329,18.093532938469167,19.560439560439562
14.621150255203247,17.863847472044714,19.560439560439562
14.642013311386108,17.621950444473974,19.47252747252747
14.662883043289185,17.367858531516088,19.208791208791208
14.683690547943115,17.102632746053082,19.032967032967033
14.704485654830933,16.825883154826855,18.76923076923077
14.725508689880371,16.534421998973777,18.505494505494507
14.74644684791565,16.23266791291712,18.32967032967033
14.767229557037354,15.922041125427036,18.065934065934066
14.788078784942627,15.59950895669841,17.802197802197803
14.809014558792114,15.26486405489168,17.45054945054945
14.830011129379272,14.918636615640166,17.0989010989011
14.850768566131592,14.566142919958477,16.835164835164836
14.87161898612976,14.202093595021207,16.571428571428573
14.892438650131226,13.82885333012785,16.21978021978022
14.913243770599365,13.446418473346943,15.868131868131869
14.934101581573486,13.05378979210779,15.516483516483516
14.955083847045898,12.649771053009612,15.076923076923077
14.97585940361023,12.24106723668972,14.725274725274724
14.996878147125244,11.81909047799229,14.373626373626374
15.01771354675293,11.392656253595138,13.934065934065934
15.038627862930298,10.956753303752977,13.494505494505495
15.059415578842163,10.51598926249014,13.142857142857142
15.080315828323364,10.065605733862775,12.703296703296703
15.101189374923706,9.60886794978514,12.263736263736265
15.122045040130615,9.145918949381315,11.912087912087912
15.142815113067627,8.678626485126983,11.384615384615385
15.163748979568481,8.201667842396404,10.945054945054945
15.184542179107666,7.7222951125550185,10.505494505494505
15.20548939704895,7.234041593036013,10.065934065934066
15.226313829421997,6.743681175726694,9.538461538461538
15.247344255447388,6.243784704528168,9.098901098901099
15.268185138702393,5.7440909039553745,8.659340659340659
15.289016008377075,5.24070041216818,8.131868131868131
15.309783458709717,4.735267653560195,7.6923076923076925
15.330621719360352,4.224870591323999,7.164835164835165
15.351389408111572,3.7133194851155427,6.637362637362638
15.372193336486816,3.198340390658227,6.1098901098901095
15.392986297607422,2.681448645281162,5.670329670329671
15.413860082626343,2.1607068584603484,5.142857142857143
15.434768199920654,1.6376185099220533,4.615384615384615
15.455575227737427,1.1159364545767363,4.175824175824176
15.476362943649292,0.593976669375446,3.6483516483516483
15.497139692306519,0.0718872183035693,3.120879120879121
15.517933368682861,-0.45067656548469726,2.5934065934065935
15.538766384124756,-0.9739201795718835,2.065934065934066
15.559573888778687,-1.49585697833999,1.5384615384615385
15.580408573150635,-2.017450749479779,1.010989010989011
15.601297855377197,-2.5390227785918293,0.4835164835164835
15.622148036956787,-3.057874181245232,-0.04395604395604396
15.642940759658813,-3.5732056234113436,-0.5714285714285714
15.663864374160767,-4.089317932850429,-1.098901098901099
15.684727668762207,-4.601127958684653,-1.6263736263736264
15.705621242523193,-5.110511263814535,-2.1538461538461537
15.72644329071045,-5.6146464753073015,-2.681318681318681
15.74731707572937,-6.116175864361853,-3.208791208791209
15.768141031265259,-6.612315326039775,-3.7362637362637363
15.788999319076538,-7.104733707413922,-4.263736263736264
15.809821844100952,-7.591439644273242,-4.7032967032967035
15.830941200256348,-8.0797730503056,-5.230769230769231
15.851775169372559,-8.555933353687768,-5.758241758241758
15.872623205184937,-9.026544970895142,-6.285714285714286
15.893404483795166,-9.489484635744322,-6.725274725274725
15.914405822753906,-9.95075110109009,-7.252747252747253
15.935222625732422,-10.401126294263488,-7.6923076923076925
15.956037521362305,-10.844344103677068,-8.131868131868131
15.97681212425232,-11.279306645448893,-8.571428571428571
15.997607469558716,-11.707005109229245,-9.010989010989011
16.01841950416565,-12.12704295431434,-9.45054945054945
16.039283275604248,-12.539799500826119,-9.978021978021978
16.060104370117188,-12.943119088478372,-10.417582417582418
16.08104181289673,-13.339757362945042,-10.857142857142858
16.101878881454468,-13.725326874744335,-11.296703296703297
16.122937202453613,-14.105429079116817,-11.736263736263735
16.143710136413574,-14.470704015869595,-12.175824175824175
16.164708614349365,-14.829922815174958,-12.527472527472527
16.18552327156067,-15.175807453537999,-12.967032967032967
16.20637035369873,-15.51182441358311,-13.31868131868132
16.227213382720947,-15.837134098428383,-13.67032967032967
16.248088121414185,-16.152049694654416,-14.021978021978022
16.269116401672363,-16.458044319483044,-14.373626373626374
16.289940357208252,-16.74974171585496,-14.725274725274724
16.310720682144165,-17.02939499482625,-15.076923076923077
16.331689596176147,-17.299815330024202,-15.340659340659341
16.352476835250854,-17.556037662015896,-15.692307692307692
16.37328004837036,-17.800464183708268,-16.043956043956044
16.39403009414673,-18.032148446520498,-16.307692307692307
16.4149432182312,-18.25324852606648,-16.483516483516482
16.435956716537476,-18.462712790982735,-16.747252747252748
16.456775426864624,-18.657541054179497,-17.01098901098901
16.477593421936035,-18.839594279699053,-17.274725274725274
16.498544931411743,-19.009797825776182,-17.53846153846154
16.519407510757446,-19.166186279918694,-17.714285714285715
16.540485858917236,-19.310814304701385,-17.89010989010989
16.561345100402832,-19.440601993133,-18.153846153846153
16.58236789703369,-19.557892837051938,-18.24175824175824
16.6032235622406,-19.66076484979755,-18.417582417582416
16.62424325942993,-19.750782659057194,-18.593406593406595
16.645097255706787,-19.826474056415677,-18.76923076923077
16.665936946868896,-19.88851250767642,-18.857142857142858
16.68679165840149,-19.936942002750783,-18.857142857142858
16.707679510116577,-19.971723950088244,-19.032967032967033
16.728578329086304,-19.992753968985664,-19.032967032967033
16.749497890472412,-19.999996018775775,-19.032967032967033
16.77028512954712,-19.993502417801803,-19.032967032967033
16.791128158569336,-19.973294446455714,-19.032967032967033
16.811980485916138,-19.939366851462893,-19.032967032967033
16.832775115966797,-19.891899498992235,-19.032967032967033
16.85359835624695,-19.83075650224827,-19.032967032967033
16.874496936798096,-19.75574072144257,-19.032967032967033
16.895347118377686,-19.66732138306473,-19.032967032967033
16.916358709335327,-19.564559747127774,-19.032967032967033
16.93721890449524,-19.44904641624265,-19.032967032967033
16.958302974700928,-19.318713989529325,-19.032967032967033
16.979172945022583,-19.176349881334097,-19.032967032967033
17.00004529953003,-19.02077847881441,-19.032967032967033
17.02097797393799,-18.851616050765692,-19.032967032967033
17.041917085647583,-18.669352139583868,-19.032967032967033
17.062785387039185,-18.47484464270011,-19.032967032967033
17.083586931228638,-18.26831584427499,-19.032967032967033
17.10450577735901,-18.04803489614696,-19.032967032967033
17.125507593154907,-17.81433520799079,-18.945054945054945
17.146401166915894,-17.56952814413974,-18.681318681318682
17.167239665985107,-17.31330306438744,-18.417582417582416
17.188082695007324,-17.045146869505437,-18.24175824175824
17.20900559425354,-16.764203284406683,-17.978021978021978
17.229823112487793,-16.473173435095795,-17.714285714285715
17.250648736953735,-16.170750944902835,-17.45054945054945
17.271483898162842,-15.857107964538564,-17.186813186813186
17.292468547821045,-15.530228349503128,-16.923076923076923
17.313323974609375,-15.19466191067554,-16.571428571428573
17.334169626235962,-14.848824294673435,-16.307692307692307
17.355223894119263,-14.48918433647863,-15.956043956043956
17.37605333328247,-14.123403894320901,-15.692307692307692
17.397011756896973,-13.74559300342068,-15.252747252747254
17.417799711227417,-13.361436393855401,-14.989010989010989
17.43859839439392,-12.967957089985383,-14.637362637362637
17.45952320098877,-12.563153492825784,-14.197802197802197
17.480406045913696,-12.150501662214673,-13.846153846153847
17.501262664794922,-11.730016728841582,-13.494505494505495
17.522257804870605,-11.298602166870237,-13.054945054945055
17.543072938919067,-10.863122173574949,-12.615384615384615
17.563852071762085,-10.420982429288685,-12.263736263736265
17.58464741706848,-9.97138456768856,-11.824175824175825
17.605534076690674,-9.512959032254665,-11.384615384615385
17.626402378082275,-9.048391847374418,-11.032967032967033
17.647454738616943,-8.573423414296952,-10.593406593406593
17.668328285217285,-8.096564557296272,-10.153846153846153
17.689175844192505,-7.614739230246611,-9.714285714285714
17.710008144378662,-7.12804632557595,-9.186813186813186
17.73082661628723,-6.636796548779506,-8.659340659340659
17.75161361694336,-6.141757475266598,-8.307692307692308
17.772480964660645,-5.640590509157331,-7.78021978021978
17.793280839920044,-5.137184022547179,-7.252747252747253
17.814346313476562,-4.623773948568674,-6.813186813186813
17.835222721099854,-4.111774317796492,-6.285714285714286
17.85625720024109,-3.593036954417237,-5.758241758241758
17.877136945724487,-3.075632005904936,-5.230769230769231
17.89806342124939,-2.5549449440593284,-4.791208791208791
17.918858289718628,-2.0357816533569686,-4.263736263736264
17.93970537185669,-1.5139197822059574,-3.7362637362637363
17.96053910255432,-0.9913541221750345,-3.208791208791209
17.981400966644287,-0.46740213576758904,-2.769230769230769
18.002232551574707,0.05611006740097475,-2.1538461538461537
18.023300647735596,0.5855254753890853,-1.6263736263736264
18.04413390159607,1.1086373915163965,-1.1868131868131868
18.064971685409546,1.631102979658674,-0.6593406593406593
18.085729122161865,2.150442589478108,-0.04395604395604396
18.106505155563354,2.668782317135771,0.3956043956043956
18.127263069152832,3.184853452953371,0.9230769230769231
18.148318767547607,3.706112412819878,1.4505494505494505
18.16915726661682,4.219441090291852,1.978021978021978
18.19003963470459,4.730947804934324,2.5054945054945055
18.21084475517273,5.237323212828815,3.032967032967033
18.231643438339233,5.7399639548740815,3.5604395604395602
18.252509832382202,6.24030071229466,4.087912087912088
18.27329730987549,6.734479562611488,4.527472527472527
18.29416847229004,7.226024427943429,5.054945054945055
18.315069437026978,7.7132900119053325,5.582417582417582
18.336074590682983,8.197623471024094,6.1098901098901095
18.356875896453857,8.671629285065489,6.549450549450549
18.3776535987854,9.139182598303655,7.076923076923077
18.398608446121216,9.604411198874349,7.516483516483516
18.419429779052734,10.060080375197822,8.043956043956044
18.44018578529358,10.50746585611847,8.483516483516484
18.461034774780273,10.949659052615381,9.010989010989011
18.4818172454834,11.38296204495308,9.45054945054945
18.502626657485962,11.809048249941046,9.89010989010989
18.52350640296936,12.228458511915726,10.32967032967033
18.544347286224365,12.638693659025266,10.857142857142858
18.565289974212646,13.042200465873924,11.208791208791208
18.586311101913452,13.438134880961918,11.736263736263735
18.607147455215454,13.821336507248574,12.087912087912088
18.628018617630005,14.195679207419403,12.527472527472527
18.64904761314392,14.562976728240306,12.87912087912088
18.66983699798584,14.916094153073988,13.31868131868132
18.690649271011353,15.259403777060363,13.67032967032967
18.711514472961426,15.593109547938482,14.10989010989011
18.732542753219604,15.918577451699644,14.461538461538462
18.753392457962036,16.230308315665866,14.725274725274724
18.774380207061768,16.53285084271009,15.076923076923077
18.79532814025879,16.823352877647533,15.428571428571429
18.816142320632935,17.100454798920733,15.868131868131869
18.836931705474854,17.365549322686494,16.13186813186813
18.85766363143921,17.61810908853437,16.395604395604394
18.87850856781006,17.8599899984313,16.65934065934066
18.899545669555664,18.091676309788397,17.01098901098901
18.920349836349487,18.308364176445494,17.186813186813186
18.941168308258057,18.512675566758993,17.53846153846154
18.96191906929016,18.70371476434984,17.802197802197803
18.982693433761597,18.882232323934296,17.978021978021978
19.003547430038452,19.04849215576626,18.24175824175824
19.0243923664093,19.20160750293212,18.417582417582416
19.045284032821655,19.34184721007481,18.681318681318682
19.066157817840576,19.468653751065762,18.857142857142858
19.08709716796875,19.58240062926269,18.945054945054945
19.10809850692749,19.682866178110302,19.12087912087912
19.12885308265686,19.768684080553925,19.296703296703296
19.149634838104248,19.84114168907566,19.384615384615383
19.170442819595337,19.900134211338674,19.560439560439562
19.1914701461792,19.94592720558949,19.560439560439562
19.212268114089966,19.97752211803714,19.560439560439562
19.23308801651001,19.995483599217756,19.560439560439562
19.25387406349182,19.999762997821268,19.560439560439562
19.274617910385132,19.990430539264604,19.560439560439562
19.29550528526306,19.967309236542217,19.560439560439562
19.316388368606567,19.930441241961603,19.560439560439562
19.337440252304077,19.879383832679245,19.560439560439562
19.358450412750244,19.814557248277545,19.560439560439562
19.379308700561523,19.7365371364154,19.560439560439562
19.40021777153015,19.644718704384424,19.560439560439562
19.421082258224487,19.539577779477845,19.560439560439562
19.44205403327942,19.42036103442948,19.560439560439562
19.4628849029541,19.28859349283535,19.560439560439562
19.4837064743042,19.143677289661948,19.560439560439562
19.504571676254272,18.985310964104098,19.560439560439562
19.52558469772339,18.812632527174088,19.560439560439562
19.546483516693115,18.627882484310017,19.560439560439562
19.56742763519287,18.42984328025333,19.560439560439562
19.588277101516724,18.220019682750205,19.560439560439562
19.60920214653015,17.996861141113683,19.560439560439562
19.630282163619995,17.759468728353813,19.560439560439562
19.651134729385376,17.51237672188506,19.384615384615383
19.672143697738647,17.251271975770415,19.208791208791208
19.692977905273438,16.980464953212653,18.945054945054945
19.71379828453064,16.69821067649105,18.76923076923077
19.734636068344116,16.404276279146387,18.505494505494507
19.75551199913025,16.098525534129365,18.24175824175824
19.776318073272705,15.782774933201868,17.978021978021978
19.797166109085083,15.455566577339958,17.714285714285715
19.818021297454834,15.11763310117217,17.45054945054945
19.838815212249756,14.770355352186368,17.0989010989011
19.859671115875244,14.411912838729812,16.835164835164836
19.880651712417603,14.041340214343432,16.483516483516482
19.901552438735962,13.662473885125284,16.13186813186813
19.922441005706787,13.27441188720854,15.780219780219781
19.94331407546997,12.877501980909381,15.340659340659341
19.964179039001465,12.47189204841482,14.989010989010989
19.985174894332886,12.055083778073234,14.637362637362637
20.006069660186768,11.631951014251047,14.197802197802197
20.02690815925598,11.201970747947867,13.846153846153847
20.04773998260498,10.764450808058863,13.406593406593407
20.06864643096924,10.31794789145396,12.967032967032967
20.089545726776123,9.864480226994388,12.527472527472527
20.110413074493408,9.404917697569818,12.087912087912088
20.131309509277344,8.93823447949325,11.648351648351648
20.152337551116943,8.462391423416625,11.208791208791208
20.173234224319458,7.983667058553174,10.76923076923077
20.194149017333984,7.499015592889532,10.32967032967033
20.214956283569336,7.011715393473912,9.89010989010989
20.23577642440796,6.519315831683884,9.362637362637363
20.25660014152527,6.022368203077507,8.923076923076923
20.277472019195557,5.520133574072136,8.483516483516484
20.298481702804565,5.010748804191175,7.956043956043956
20.319376945495605,4.500674024821485,7.516483516483516
20.34023118019104,3.9885062959145516,6.989010989010989
20.361069917678833,3.473983123966637,6.461538461538462
20.38184428215027,2.9586779012395468,5.934065934065934
20.402681589126587,2.4397863152080843,5.4945054945054945
20.423567295074463,1.9180111948237784,4.967032967032967
20.444456815719604,1.3948193080520574,4.43956043956044
20.465279579162598,0.8723425166565403,3.912087912087912
20.48615574836731,0.34792644245214177,3.3846153846153846
20.506972551345825,-0.1752370864399115,2.857142857142857
20.527812242507935,-0.6988555988782076,2.32967032967033
20.54866123199463,-1.2222281139219833,1.8021978021978022
20.569551944732666,-1.7458063348889097,1.2747252747252746
20.590651273727417,-2.2733906618512343,0.7472527472527473
20.611535787582397,-2.794031034532095,0.21978021978021978
20.632425785064697,-3.3128830131900298,-0.3076923076923077
20.653299808502197,-3.829058096077075,-0.8351648351648352
20.674142599105835,-4.341832430533314,-1.3626373626373627
20.695056915283203,-4.853372308557577,-1.89010989010989
20.7158362865448,-5.3582925462959565,-2.4175824175824174
20.736590147018433,-5.858946451524249,-2.9450549450549453
20.757495403289795,-6.359223144293584,-3.3846153846153846
20.778385639190674,-6.85475676376157,-3.912087912087912
20.799224615097046,-7.3443684975364,-4.43956043956044
20.82000160217285,-7.827510391699992,-4.967032967032967
20.840809106826782,-8.306014403812686,-5.4945054945054945
20.86161494255066,-8.77880230586243,-5.934065934065934
20.882667303085327,-9.251083150033804,-6.461538461538462
20.903521299362183,-9.712531957432075,-6.9010989010989015
20.924397706985474,-10.167796111927466,-7.428571428571429
20.9454345703125,-10.619480393850967,-7.868131868131868
20.966318130493164,-11.060533808779065,-8.307692307692308
20.987236499786377,-11.49468622817495,-8.835164835164836
21.008339643478394,-11.924624818758641,-9.274725274725276
21.02938485145569,-12.345032261506956,-9.802197802197803
21.050268411636353,-12.753676890535107,-10.241758241758241
21.071179628372192,-13.154062191928222,-10.68131868131868
21.09223699569702,-13.548067081493924,-11.032967032967033
21.11316466331482,-13.930247239724583,-11.472527472527473
21.1339910030365,-14.301013476391905,-11.912087912087912
21.154725313186646,-14.660411902556916,-12.351648351648352
21.17560601234436,-15.012289318085589,-12.703296703296703
21.19667673110962,-15.356891158869693,-13.142857142857142
21.217572927474976,-15.688006749458852,-13.494505494505495
21.238414764404297,-16.007486583014902,-13.846153846153847
21.25930094718933,-16.316631275766117,-14.197802197802197
21.280702829360962,-16.621748170354746,-14.54945054945055
21.30160617828369,-16.90815417411653,-14.901098901098901
21.322465896606445,-17.182332988760464,-15.252747252747254
21.343243837356567,-17.443700736684434,-15.516483516483516
21.364157676696777,-17.6947691114241,-15.780219780219781
21.38503885269165,-17.9332530565174,-16.13186813186813
21.405839920043945,-18.158546176350125,-16.395604395604394
21.426648139953613,-18.371503903863278,-16.65934065934066
21.447497367858887,-18.572283497093313,-16.923076923076923
21.468302011489868,-18.759926751309447,-17.186813186813186
21.48929452896118,-18.93626819187039,-17.36263736263736
21.510148763656616,-19.09840115172431,-17.53846153846154
21.531031370162964,-19.24761250056058,-17.802197802197803
21.551811695098877,-19.382936572973787,-17.978021978021978
21.572598695755005,-19.50508115371193,-18.153846153846153
21.593395948410034,-19.61396769699472,-18.32967032967033
21.61421012878418,-19.709530573898412,-18.505494505494507
21.635032653808594,-19.79164054211954,-18.681318681318682
21.655747890472412,-19.859881935448705,-18.76923076923077
21.67651104927063,-19.914777327552063,-18.857142857142858
21.697412490844727,-19.956345715353002,-18.945054945054945
21.71821689605713,-19.984050223130115,-19.032967032967033
21.739010095596313,-19.9980927806035,-19.032967032967033
21.75977063179016,-19.99849249220588,-19.032967032967033
21.780596256256104,-19.985219034408203,-19.032967032967033
21.801382780075073,-19.958322272580613,-19.032967032967033
21.822298526763916,-19.9175140708218,-19.032967032967033
21.843181133270264,-19.863044517508172,-19.032967032967033
21.863989114761353,-19.795165185867308,-19.032967032967033
21.884754180908203,-19.71393403362816,-19.032967032967033
21.90564489364624,-19.618666866801814,-19.032967032967033
21.92644762992859,-19.510366261677284,-19.032967032967033
21.947322368621826,-19.388289417072365,-19.032967032967033
21.968372583389282,-19.25167731624507,-19.032967032967033
21.98919105529785,-19.103320178336244,-19.032967032967033
22.010064125061035,-18.941448793297276,-19.032967032967033
22.031088829040527,-18.76522833888968,-19.032967032967033
22.051854848861694,-18.5783181959665,-19.032967032967033
22.072607278823853,-18.37889224939166,-19.032967032967033
22.093440532684326,-18.166118338781047,-19.032967032967033
22.114265203475952,-17.940989705520643,-19.032967032967033
22.135040998458862,-17.704146909780288,-18.857142857142858
22.156003952026367,-17.45294087267434,-18.593406593406595
22.176762342453003,-17.192251627597535,-18.32967032967033
22.19760751724243,-16.918701220954773,-18.065934065934066
22.21837830543518,-16.634580404143826,-17.802197802197803
22.239204168319702,-16.33832912882663,-17.626373626373628
22.260079860687256,-16.03013955084519,-17.274725274725274
22.28095293045044,-15.710959785076803,-17.01098901098901
22.301770210266113,-15.381867606356499,-16.747252747252748
22.322613954544067,-15.041811354883167,-16.483516483516482
22.34342885017395,-14.691927848279482,-16.13186813186813
22.364479541778564,-14.32785897930334,-15.780219780219781
22.385308742523193,-13.95775198705433,-15.428571428571429
22.40640616416931,-13.573132555565998,-15.164835164835164
22.427238941192627,-13.183975715646204,-14.813186813186814
22.448288202285767,-12.781599425044677,-14.461538461538462
22.469165563583374,-12.373675250333259,-14.021978021978022
22.49006462097168,-11.956797795053511,-13.67032967032967
22.510769844055176,-11.535653895734105,-13.31868131868132
22.531632900238037,-11.103401865812115,-12.87912087912088
22.552668571472168,-10.659847928357122,-12.43956043956044
22.573506593704224,-10.213116937790534,-12.087912087912088
22.594378232955933,-9.758645757858554,-11.56043956043956
22.61516785621643,-9.299286840922436,-11.208791208791208
22.636242151260376,-8.827161907063187,-10.76923076923077
22.657084465026855,-8.354144214571068,-10.32967032967033
22.67786192893982,-7.876894223054386,-9.89010989010989
22.698631286621094,-7.394464011682791,-9.45054945054945
22.71951961517334,-6.904190904524694,-8.923076923076923
22.740365028381348,-6.410182686109518,-8.483516483516484
22.761247873306274,-5.910877422305817,-8.043956043956044
22.782084703445435,-5.408615257364148,-7.604395604395604
22.80288004875183,-4.903655863282661,-7.076923076923077
22.82374334335327,-4.39368197513073,-6.549450549450549
22.844562292099,-3.8817815548858476,-6.1098901098901095
22.865358114242554,-3.367797364327583,-5.582417582417582
22.886241674423218,-2.8493307702115205,-5.054945054945055
22.907211542129517,-2.326747558398075,-4.615384615384615
22.928077459335327,-1.8051506545250564,-4.0
22.948841094970703,-1.284878034395782,-3.5604395604395602
22.96966028213501,-0.7623355591306625,-3.032967032967033
22.99069571495056,-0.23383686058631986,-2.5934065934065935
23.011491775512695,0.28880978180262523,-2.065934065934066
23.03234314918518,0.8126482199672835,-1.5384615384615385
23.05321478843689,1.3364369363092707,-0.9230769230769231
23.074085474014282,1.8592824897750193,-0.3956043956043956
23.094862461090088,2.378511039418641,0.13186813186813187
23.115638494491577,2.89609456582612,0.5714285714285714
23.136444807052612,3.4124539980396658,1.1868131868131868
23.15747570991516,3.9320153320103106,1.7142857142857142
23.17835521697998,4.4451207664205565,2.241758241758242
23.199220657348633,4.954823706052947,2.769230769230769
23.220094203948975,5.461316372145745,3.2967032967032965
23.241116762161255,5.96762623701292,3.7362637362637363
23.261879920959473,6.463602333834074,4.263736263736264
23.2826726436615,6.955875031888383,4.791208791208791
23.30349588394165,7.444110974877818,5.318681318681318
23.324265956878662,7.926023225157084,5.758241758241758
23.34514355659485,8.404988608767024,6.285714285714286
23.365919828414917,8.87588707724875,6.725274725274725
23.386664867401123,9.34004162663459,7.34065934065934
23.40769338607788,9.804059619581988,7.78021978021978
23.42854619026184,10.257441022104242,8.219780219780219
23.449395179748535,10.70369835333686,8.747252747252746
23.47043514251709,11.146594330307574,9.186813186813186
23.491297483444214,11.578058966659288,9.714285714285714
23.51222515106201,12.002879802878407,10.153846153846153
23.53305721282959,12.417516287641057,10.593406593406593
23.55378532409668,12.82163850655641,11.032967032967033
23.57470726966858,13.22071775782015,11.472527472527473
23.59554100036621,13.609034373621325,11.912087912087912
23.6163387298584,13.987376973460371,12.263736263736265
23.637442588806152,14.36152178484038,12.703296703296703
23.658295392990112,14.721296294082265,13.054945054945055
23.67925477027893,15.07272336999632,13.494505494505495
23.700103044509888,15.41191552122815,13.846153846153847
23.72087001800537,15.739269321169317,14.197802197802197
23.741655588150024,16.05618349329239,14.54945054945055
23.76249670982361,16.362946800514003,14.901098901098901
23.78332543373108,16.658314943764953,15.252747252747254
23.804237127304077,16.943379398481145,15.604395604395604
23.825093746185303,17.216039772397636,15.956043956043956
23.84587073326111,17.4759015785296,16.21978021978022
23.866664171218872,17.72404252779415,16.483516483516482
23.887709856033325,17.96287124307057,16.835164835164836
23.9087131023407,18.188693358718037,17.0989010989011
23.929552793502808,18.40023518711832,17.36263736263736
23.950307846069336,18.598376511657168,17.626373626373628
23.971275091171265,18.785697658822322,17.89010989010989
23.99211621284485,18.958968882202466,18.153846153846153
24.012924194335938,19.118992392779006,18.32967032967033
24.033679962158203,19.26559226597248,18.593406593406595
24.054422616958618,19.399006412527037,18.76923076923077
24.07528781890869,19.519911940092104,18.945054945054945
24.096115350723267,19.627216618051126,19.032967032967033
24.11701202392578,19.72136639941439,19.208791208791208
24.13781237602234,19.801577825426918,19.296703296703296
24.15878462791443,19.86875576526057,19.47252747252747
24.17977786064148,19.92218093595961,19.560439560439562
24.200599908828735,19.961475611376038,19.560439560439562
24.22138476371765,19.987070920579193,19.560439560439562
24.24220371246338,19.999040175236832,19.560439560439562
24.263078927993774,19.997298815497196,19.560439560439562
24.283855676651,19.98190255703095,19.560439560439562
24.30478811264038,19.952617185997514,19.560439560439562
24.325605392456055,19.909801656180747,19.560439560439562
24.346649646759033,19.852671641677194,19.560439560439562
24.367484092712402,19.782435068707244,19.560439560439562
24.38832974433899,19.698590447231823,19.560439560439562
24.409250020980835,19.60085668304927,19.560439560439562
24.430123567581177,19.48984072726836,19.560439560439562
24.450994729995728,19.36543077003792,19.560439560439562
24.471825122833252,19.227982439893907,19.560439560439562
24.49267029762268,19.077248389862667,19.560439560439562
24.513509273529053,18.913475532570555,19.560439560439562
24.53429865837097,18.737169201006463,19.560439560439562
24.555076360702515,18.54818529607443,19.560439560439562
24.575921058654785,18.345886752125583,19.560439560439562
24.596738576889038,18.131289458400037,19.560439560439562
24.61756706237793,17.90416190695983,19.560439560439562
24.63838529586792,17.664890268858194,19.47252747252747
24.659273624420166,17.412662978363066,19.296703296703296
24.68019723892212,17.147982440691912,19.032967032967033
24.701019525527954,16.872814912464598,18.857142857142858
24.721835136413574,16.58618961281343,18.593406593406595
24.74268937110901,16.28765297950249,18.32967032967033
24.76349687576294,15.97863756357687,18.153846153846153
24.78433108329773,15.65828080984554,17.89010989010989
24.805301427841187,15.324993518032832,17.53846153846154
24.82613468170166,14.983347080197642,17.186813186813186
24.847005367279053,14.630790488846458,16.923076923076923
24.867840051651,14.268804727420166,16.571428571428573
24.88869071006775,13.896749849466746,16.21978021978022
24.90951180458069,13.515702676837504,15.868131868131869
24.93037223815918,13.124657381442384,15.516483516483516
24.951250314712524,12.724251587339321,15.164835164835164
24.972320079803467,12.311291356707965,14.813186813186814
24.99318814277649,11.893776893523185,14.461538461538462
25.014211654663086,11.464882831496602,14.021978021978022
25.035009145736694,11.032725692711725,13.582417582417582
25.055832624435425,10.592479259076379,13.23076923076923
25.076634168624878,10.145455219236084,12.791208791208792
25.097459316253662,9.6909802706697,12.351648351648352
25.118278980255127,9.229991090880784,11.912087912087912
25.13931965827942,8.757690933802468,11.472527472527473
25.160187005996704,8.283233917285077,10.945054945054945
25.181202173233032,7.79966061429799,10.593406593406593
25.20205044746399,7.314552154634491,10.153846153846153
25.22281265258789,6.826456760635887,9.714285714285714
25.243637800216675,6.3322142271287625,9.186813186813186
25.264650344848633,5.829130161343697,8.659340659340659
25.28547716140747,5.32648149251922,8.219780219780219
25.306471586227417,4.8160962119899136,7.6923076923076925
25.32731556892395,4.306051405544317,7.252747252747253
25.34844708442688,3.7859568455107433,6.725274725274725
25.369297981262207,3.2701507825857328,6.197802197802198
25.390308141708374,2.7481350324337055,5.758241758241758
25.411157369613647,2.2282232828223383,5.230769230769231
25.432029724121094,1.7062029740671834,4.615384615384615
25.45285439491272,1.1842052567833596,4.175824175824176
25.473771810531616,0.6590669578032872,3.6483516483516483
25.494620323181152,0.1352049955276507,3.120879120879121
25.51546621322632,-0.3886838637827995,2.5934065934065935
25.53635573387146,-0.9134014311779681,2.065934065934066
25.55741786956787,-1.4418166532477192,1.5384615384615385
25.57831120491028,-1.9650000579997748,1.098901098901099
25.599185943603516,-2.4863652235095803,0.4835164835164835
25.620073080062866,-3.006327628685365,0.04395604395604396
25.640892505645752,-3.522543847559832,-0.4835164835164835
25.661771535873413,-4.0378163049442515,-1.010989010989011
25.682612419128418,-4.549375692353191,-1.5384615384615385
25.703484296798706,-5.058568554877397,-2.065934065934066
25.72452974319458,-5.568471587250689,-2.681318681318681
25.745405435562134,-6.070415185962505,-3.120879120879121
25.766284227371216,-6.5682550680121485,-3.6483516483516483
25.78729772567749,-7.064741122760774,-4.175824175824176
25.808191299438477,-7.553510534750153,-4.7032967032967035
25.82906222343445,-8.036551900189838,-5.142857142857143
25.84988307952881,-8.512926876196206,-5.670329670329671
25.870769262313843,-8.984941364797672,-6.197802197802198
25.891690254211426,-9.451537747240824,-6.637362637362638
25.912476778030396,-9.908666403495674,-7.164835164835165
25.93335461616516,-10.360997714597177,-7.604395604395604
25.95443034172058,-10.810382404688708,-8.131868131868131
25.97536015510559,-11.249152878344244,-8.571428571428571
25.996281623840332,-11.679971932525177,-9.010989010989011
26.01708960533142,-12.100447389831547,-9.45054945054945
26.037953853607178,-12.513753138455213,-9.978021978021978
26.058860063552856,-12.919262190801508,-10.32967032967033
26.079793453216553,-13.316364654768256,-10.76923076923077
26.10065007209778,-13.702847506860625,-11.208791208791208
26.12156391143799,-14.080939420882014,-11.648351648351648
26.142523527145386,-14.450101669011993,-12.087912087912088
26.16341233253479,-14.80804395942776,-12.527472527472527
26.184327840805054,-15.156221337028965,-12.87912087912088
26.205164432525635,-15.492675058095697,-13.23076923076923
26.226115703582764,-15.820271046146638,-13.582417582417582
26.24703860282898,-16.13648025155546,-13.934065934065934
26.26787757873535,-16.44033399626201,-14.373626373626374
26.288763284683228,-16.73355752518581,-14.637362637362637
26.30960464477539,-17.01466921113772,-14.989010989010989
26.330504417419434,-17.284849501251408,-15.340659340659341
26.351504802703857,-17.544322090419865,-15.604395604395604
26.372411251068115,-17.79049855075283,-15.956043956043956
26.39334487915039,-18.02469258515207,-16.21978021978022
26.414162158966064,-18.245216609887287,-16.483516483516482
26.435081481933594,-18.454244324376887,-16.747252747252748
26.45596218109131,-18.650169253491846,-17.01098901098901
26.476839065551758,-18.8332218373491,-17.274725274725274
26.49775743484497,-19.003638062538126,-17.45054945054945
26.518784046173096,-19.16170314322153,-17.714285714285715
26.539650201797485,-19.305337752605308,-17.89010989010989
26.56052327156067,-19.43574071398046,-18.065934065934066
26.581521034240723,-19.553431319796832,-18.24175824175824
26.60234832763672,-19.656718685805345,-18.417582417582416
26.6234188079834,-19.74751116389761,-18.505494505494507
26.644291400909424,-19.82380172696194,-18.681318681318682
26.66516351699829,-19.886453520557772,-18.857142857142858
26.68600630760193,-19.935366152310753,-18.857142857142858
26.70686173439026,-19.97062088338257,-18.857142857142858
26.727725505828857,-19.992165575976188,-18.945054945054945
26.748635292053223,-19.999970589726544,-19.032967032967033
26.769717931747437,-19.99386068063436,-19.032967032967033
26.790616989135742,-19.97395400843766,-19.032967032967033
26.811497449874878,-19.94030777178182,-19.032967032967033
26.832337856292725,-19.893037548180093,-19.032967032967033
26.85325264930725,-19.831882563729238,-19.032967032967033
26.87414264678955,-19.75712613961366,-19.032967032967033
26.895062923431396,-19.668617472680154,-19.032967032967033
26.915868997573853,-19.567110318555223,-19.032967032967033
26.9366934299469,-19.452120662674773,-19.032967032967033
26.957746982574463,-19.32232539447536,-19.032967032967033
26.978735208511353,-19.179471663234715,-19.032967032967033
26.999619960784912,-19.024079710015066,-19.032967032967033
27.020657300949097,-18.854306180981272,-19.032967032967033
27.041541576385498,-18.672734958514003,-19.032967032967033
27.062381505966187,-18.478730107209046,-19.032967032967033
27.083171844482422,-18.272559581354145,-19.032967032967033
27.104042291641235,-18.05305119483082,-19.032967032967033
27.12480592727661,-17.82234432857315,-18.857142857142858
27.14554738998413,-17.579770239086056,-18.681318681318682
27.166364669799805,-17.324301832896126,-18.417582417582416
27.187289714813232,-17.055564119135614,-18.153846153846153
27.20804524421692,-16.777353701818033,-17.978021978021978
27.228798866271973,-16.48775777592591,-17.626373626373628
27.24959373474121,-16.186339394987883,-17.45054945054945
27.27038288116455,-15.873956111079721,-17.186813186813186
27.291182279586792,-15.550577680021807,-16.923076923076923
27.312061309814453,-15.215277481695896,-16.571428571428573
27.332799434661865,-14.871871783835974,-16.307692307692307
27.353548049926758,-14.518185252100285,-15.956043956043956
27.37438130378723,-14.153126527766627,-15.604395604395604
27.395326137542725,-13.776335224046836,-15.252747252747254
27.416203022003174,-13.391269470232922,-14.989010989010989
27.437079429626465,-12.996996708941955,-14.637362637362637
27.457852602005005,-12.595795075938376,-14.285714285714286
27.47860288619995,-12.186466823727207,-13.846153846153847
27.499374866485596,-11.76841214119258,-13.494505494505495
27.520132541656494,-11.342635526793867,-13.054945054945055
27.540903568267822,-10.908860346549199,-12.703296703296703
27.561647415161133,-10.468235491098524,-12.263736263736265
27.582427978515625,-10.019699107828913,-11.824175824175825
27.603325605392456,-9.561746461841711,-11.384615384615385
27.624221801757812,-9.097232183289282,-11.032967032967033
27.645078897476196,-8.627332020894091,-10.593406593406593
27.665846586227417,-8.15355750473879,-10.153846153846153
27.686564922332764,-7.675375511385951,-9.714285714285714
27.707311153411865,-7.191336923797045,-9.274725274725276
27.728081226348877,-6.701846311502999,-8.747252747252746
27.74880886077881,-6.208804345967592,-8.307692307692308
27.76957392692566,-5.710648651531496,-7.78021978021978
27.790377616882324,-5.207667538598848,-7.34065934065934
27.811354637145996,-4.696893177161414,-6.813186813186813
27.832152366638184,-4.187261557472851,-6.373626373626373
27.852871656417847,-3.6767078218987286,-5.846153846153846
27.87362003326416,-3.1629399290319644,-5.318681318681318
27.894352674484253,-2.6474139574633107,-4.791208791208791
27.915128469467163,-2.129012669409624,-4.351648351648351
27.93583846092224,-1.6108087663772772,-3.8241758241758244
27.956578493118286,-1.0907600462195683,-3.2967032967032965
27.977309226989746,-0.5702040514277216,-2.769230769230769
27.99807596206665,-0.04835630037923572,-2.241758241758242
